1,RAKOTOARIVALO Nasandratra,22/12/2000,0337474885,Nasandratra RAKOTOARIVALO,Sociologie,M2,84,16:14:8
2,RAMARO Fanantenana,07/07/2004,0321839205,Fanantenana RAMARO,Geographie,M2,16,22:1:25
3,RANDRIAMANDIMBY Aina,04/11/2004,0321803272,Aina RANDRIAMANDIMBY,Sociologie,L2,34,4:11:25
4,SAMBATRA Martine,27/09/2002,0323239089,Martine SAMBATRA,Histoire,L1,65,8:10:18
5,RABE Kanto,07/11/2001,0345234317,Kanto RABE,Informatique,L2,23,15:17:7
6,ANDRIANALY Martine,03/09/2006,0343237709,Martine ANDRIANALY,SVT,L3,45,22:12:24
7,NANTENAINA Nombana,08/04/2005,0325789630,Nombana NANTENAINA,Gestion,L3,47,5:21:17
8,RASOA Nombana,19/12/2000,0323114231,Nombana RASOA,Economie,L1,91,21:20:11
9,RANDRIAMASY Andry,10/03/2006,0323088476,Andry RANDRIAMASY,Gestion,L3,59,25:2:5
10,RAKOTOARIVALO Mira,14/07/2008,0345423368,Mira RAKOTOARIVALO,SVT,L1,82,15:6:24
11,RABE Joseph,22/07/2006,0323514635,Joseph RABE,Francais,L2,13,17:13:14
12,RAMAMPITASOA Erica,20/11/2003,0325689812,Erica RAMAMPITASOA,Sociologie,L3,38,15:10:6
13,ANDRIAMANANTENA Rota,28/08/2003,0349396433,Rota ANDRIAMANANTENA,Sociologie,M2,59,21:24:2
14,RAKOTOARIVALO Lalao,26/06/2006,0328843148,Lalao RAKOTOARIVALO,Histoire,M1,79,25:11:10
15,NOMENJANAHARY Nombana,14/08/2000,0343543986,Nombana NOMENJANAHARY,Histoire,M1,62,4:3:20
16,RAKOTOARIVALO Nasandratra,23/11/2008,0346731936,Nasandratra RAKOTOARIVALO,Anglais,L3,23,5:14:23
17,ANDRIANALY Fanantenana,03/10/2008,0345646833,Fanantenana ANDRIANALY,Mathématique,L1,61,15:8:11
18,RASOLOJAONA Joseph,24/02/2007,0338837260,Joseph RASOLOJAONA,Sociologie,L2,79,23:7:5
19,RANDRIA Isaia,22/08/2002,0323738782,Isaia RANDRIA,Sociologie,M1,95,4:14:3
20,RANDRIA Andy,08/04/2001,0348976658,Andy RANDRIA,Sociologie,L1,88,24:3:6
21,RAMARO Salohy,19/02/2005,0333711134,Salohy RAMARO,Sociologie,M2,93,20:19:25
22,RABARY Andry,15/03/2001,0327744837,Andry RABARY,Gestion,L2,56,11:9:2
23,RAMAMPITASOA Sanda,05/08/2004,0329439412,Sanda RAMAMPITASOA,SVT,L3,53,2:15:19
24,ANDRIAMANANTENA Fanantenana,16/07/2000,0328557702,Fanantenana ANDRIAMANANTENA,Physique,L3,95,10:13:20
25,RANDRIA Fanantenana,21/09/2004,0335703429,Fanantenana RANDRIA,SVT,M1,68,4:12:11:26
26,RANDRIAMANDIMBY Aina,15/05/2006,0341835653,Aina RANDRIAMANDIMBY,Physique,L3,55,49:29:43
27,RAMAMPITASOA Andry,14/07/2004,0344221527,Andry RAMAMPITASOA,Economie,M2,44,32:36:37
28,RASOA Hery,10/12/2006,0345652816,Hery RASOA,Mathématique,M1,30,44:47:33
29,ANDRIANALY Rota,20/01/2006,0334560378,Rota ANDRIANALY,Geographie,L1,14,43:40:31
30,RAKOTOARIVALO Nombana,10/02/2005,0345363155,Nombana RAKOTOARIVALO,Geographie,L1,22,47:40:33
31,RAMAVO Joseph,27/04/2006,0326280435,Joseph RAMAVO,Anglais,L3,14,38:41:43
32,RAKOTO Fitia,05/05/2001,0342309963,Fitia RAKOTO,Physique,L1,69,50:42:41
33,NOMENJANAHARY Lalao,17/06/2005,0332428362,Lalao NOMENJANAHARY,Informatique,M1,69,49:34:45
34,RABARY Andry,20/06/2008,0339035384,Andry RABARY,Histoire,L1,21,46:31:36
35,RABE Salohy,13/09/2002,0342277231,Salohy RABE,SVT,M2,24,38:46:37
36,SAMBATRA Andy,16/05/2000,0347708607,Andy SAMBATRA,SVT,M1,62,46:50:27
37,ANDRAINA Mira,23/03/2002,0332034107,Mira ANDRAINA,Informatique,M2,39,34:50:45
38,ANDRAINA Rota,08/10/2004,0328266043,Rota ANDRAINA,Francais,L2,71,33:28:26
39,RANDRIAMASY Rota,21/11/2004,0321010057,Rota RANDRIAMASY,Gestion,M1,56,27:49:36
40,RABARY Andry,02/12/2003,0345397263,Andry RABARY,Gestion,M1,68,32:43:42
41,SAMBATRA Sanda,09/04/2005,0337272569,Sanda SAMBATRA,Informatique,L1,71,31:40:47
42,RABE Tiana,03/10/2008,0344736335,Tiana RABE,Economie,M2,11,33:43:50
43,ANDRIAMANANTENA Martine,01/11/2003,0336525786,Martine ANDRIAMANANTENA,Geographie,M1,63,49:39:36
44,RANDRIAMASY Isaia,14/11/2008,0343499601,Isaia RANDRIAMASY,Sociologie,L1,82,42:47:34
45,NANTENAINA Nasandratra,20/07/2001,0332449173,Nasandratra NANTENAINA,Histoire,L1,43,29:48:40
46,RAZAFI Erica,09/01/2004,0346365899,Erica RAZAFI,Informatique,M1,40,38:41:39
47,RASOA Isaia,13/04/2005,0344828758,Isaia RASOA,Francais,L1,81,42:48:30
48,RANDRIA Martine,25/03/2001,0329668849,Martine RANDRIA,Informatique,L3,18,34:37:41
49,RAMAVO Mira,07/06/2005,0321725259,Mira RAMAVO,Sociologie,L2,86,37:39:32
50,RAZAKANDRAINY Joseph,06/12/2003,0346814809,Joseph RAZAKANDRAINY,Anglais,L3,19,31:49:47:51
51,RAZAFI Nombana,21/06/2004,0349075710,Nombana RAZAFI,Physique,M1,35,75:74:73
52,RAKOTOARIVALO Kerina,13/12/2001,0335531072,Kerina RAKOTOARIVALO,Informatique,L2,54,65:62:70
53,RABARY Mira,12/03/2004,0328281827,Mira RABARY,SVT,M1,30,64:70:66
54,RAZAKANDRAINY Erica,16/01/2000,0337178832,Erica RAZAKANDRAINY,Economie,M1,37,66:71:67
55,RAKOTOARIVALO Salohy,27/07/2000,0341543801,Salohy RAKOTOARIVALO,Geographie,L1,41,74:62:71
56,RASOA Andy,03/02/2002,0327456900,Andy RASOA,Geographie,L3,31,71:61:64
57,SAMBATRA Nombana,05/02/2001,0333748554,Nombana SAMBATRA,Mathématique,L2,48,66:73:72
58,SAMBATRA Fitia,14/10/2000,0325915114,Fitia SAMBATRA,Economie,L1,79,63:72:62
59,ANDRIAMANANTENA Isaia,22/01/2004,0328301180,Isaia ANDRIAMANANTENA,Informatique,M2,51,72:73:61
60,RANDRIA Sanda,16/12/2004,0332197921,Sanda RANDRIA,Geographie,L3,95,71:51:62
61,RANDRIAMANDIMBY Lalao,17/12/2002,0331358093,Lalao RANDRIAMANDIMBY,Gestion,M1,11,65:60:63
62,ANDRAINA Kanto,14/12/2002,0342509973,Kanto ANDRAINA,Economie,L1,34,64:58:51
63,RAMAVO Sanda,20/08/2001,0348343070,Sanda RAMAVO,Physique,M1,65,67:70:60
64,RABE Lalao,05/10/2004,0344305315,Lalao RABE,Mathématique,L2,84,56:66:54
65,ANDRIANALY Martine,16/04/2006,0344603161,Martine ANDRIANALY,Economie,L1,82,60:54:64
66,RAMAMPITASOA Fitia,03/05/2002,0343227761,Fitia RAMAMPITASOA,Francais,L2,72,62:56:67
67,ANDRIAMANANTENA Mira,08/04/2006,0333690297,Mira ANDRIAMANANTENA,Mathématique,M1,17,55:68:59
68,RABARY Nombana,20/06/2000,0347059845,Nombana RABARY,SVT,M2,24,67:71:66
69,NANTENAINA Sanda,01/03/2003,0326556680,Sanda NANTENAINA,Histoire,L3,86,57:73:70
70,SAMBATRA Rota,15/12/2007,0321466691,Rota SAMBATRA,SVT,M2,77,72:54:71
71,RANDRIAMANDIMBY Hery,14/03/2004,0326906475,Hery RANDRIAMANDIMBY,Francais,L3,88,70:59:52
72,RAMAVO Hery,21/04/2002,0344750564,Hery RAMAVO,SVT,M1,31,70:55:71
73,RAKOTOARIVALO Hery,01/06/2002,0338131295,Hery RAKOTOARIVALO,Physique,L2,41,71:75:69
74,RANDRIAMANDIMBY Nasandratra,11/05/2001,0344051288,Nasandratra RANDRIAMANDIMBY,Gestion,M1,61,66:75:70
75,NOMENJANAHARY Joseph,21/04/2004,0329171642,Joseph NOMENJANAHARY,Physique,L3,48,72:53:73:76
76,RAMAMPITASOA Joseph,09/01/2005,0343274329,Joseph RAMAMPITASOA,Economie,L1,44,99:92:97
77,RANDRIAMANDIMBY Fanantenana,21/09/2000,0321316962,Fanantenana RANDRIAMANDIMBY,Mathématique,L2,67,86:99:93
78,RASOA Martine,20/03/2000,0327450195,Martine RASOA,Mathématique,L2,11,81:94:92
79,RANDRIA Kerina,09/10/2007,0342431339,Kerina RANDRIA,Economie,M1,28,88:84:82
80,RANDRIAMASY Andry,25/12/2003,0332124492,Andry RANDRIAMASY,Gestion,L1,64,90:96:77
81,RASOLOJAONA Erica,04/12/2007,0334974560,Erica RASOLOJAONA,Physique,L2,19,85:76:92
82,NOMENJANAHARY Erica,09/07/2007,0343471831,Erica NOMENJANAHARY,Anglais,M1,84,88:76:80
83,RAKOTO Lalao,21/01/2004,0346440912,Lalao RAKOTO,Histoire,L2,87,87:100:78
84,RAMAVO Aina,25/02/2006,0335174627,Aina RAMAVO,Physique,L2,63,98:99:78
85,RAMARO Nombana,24/03/2001,0326886332,Nombana RAMARO,Physique,M1,5,100:78:86
86,RABE Kerina,14/02/2004,0345848717,Kerina RABE,Anglais,L2,73,78:76:82
87,NOMENJANAHARY Rota,12/07/2008,0325293232,Rota NOMENJANAHARY,Histoire,L2,5,77:85:98
88,NOMENJANAHARY Rota,05/06/2007,0348757047,Rota NOMENJANAHARY,Mathématique,M2,45,95:96:92
89,RAKOTOARIVALO Isaia,11/01/2008,0344794146,Isaia RAKOTOARIVALO,Physique,M2,56,86:93:76
90,RANDRIAMASY Rota,10/07/2008,0333034931,Rota RANDRIAMASY,Geographie,M2,67,97:88:84
91,RAKOTO Hery,11/03/2006,0332065181,Hery RAKOTO,Histoire,L3,70,96:82:86
92,RABARY Rota,04/03/2005,0329390600,Rota RABARY,Economie,L2,76,86:87:82
93,NOMENJANAHARY Andy,10/10/2007,0326838776,Andy NOMENJANAHARY,Sociologie,L1,26,84:99:83
94,RASOLOJAONA Kanto,27/12/2005,0348639740,Kanto RASOLOJAONA,Histoire,M2,15,85:92:78
95,RABARY Isaia,19/02/2004,0346684643,Isaia RABARY,Mathématique,L3,73,76:91:98
96,RAMARO Aina,24/01/2005,0323367360,Aina RAMARO,Geographie,L1,27,93:100:76
97,RAKOTOARIVALO Kanto,02/11/2007,0329004607,Kanto RAKOTOARIVALO,Geographie,L1,48,94:80:86
98,RAZAKANDRAINY Kanto,21/07/2001,0331182691,Kanto RAZAKANDRAINY,Gestion,L1,94,80:97:78
99,ANDRIANALY Lalao,11/04/2001,0324536360,Lalao ANDRIANALY,Histoire,L2,20,98:80:76
100,RAKOTOARIVALO Martine,23/01/2003,0348381542,Martine RAKOTOARIVALO,Gestion,M1,65,78:80:95:101
101,ANDRAINA Salohy,21/03/2000,0344077442,Salohy ANDRAINA,Physique,L2,18,118:122:124
102,ANDRAINA Nasandratra,07/09/2006,0331742687,Nasandratra ANDRAINA,Geographie,L1,12,114:120:105
103,RAMARO Kerina,07/02/2003,0341391821,Kerina RAMARO,Informatique,L1,58,120:108:111
104,RAZAKANDRAINY Kanto,09/11/2004,0345360001,Kanto RAZAKANDRAINY,Histoire,L1,19,103:125:116
105,RASOA Fanantenana,08/06/2007,0322565179,Fanantenana RASOA,Histoire,L2,58,110:121:111
106,RANDRIAMASY Fitia,02/10/2002,0332690652,Fitia RANDRIAMASY,Sociologie,L2,26,122:110:107
107,RASOA Martine,10/06/2004,0335229303,Martine RASOA,Gestion,M2,61,117:103:102
108,RABE Kanto,27/04/2006,0341728731,Kanto RABE,Gestion,L2,90,103:120:106
109,RANDRIAMASY Salohy,02/11/2004,0342058620,Salohy RANDRIAMASY,Economie,L3,29,122:121:114
110,RABARY Kanto,24/10/2007,0328025583,Kanto RABARY,Gestion,L1,9,105:112:124
111,RAMAMPITASOA Kanto,15/12/2001,0348759550,Kanto RAMAMPITASOA,Informatique,L1,63,106:116:105
112,ANDRIANALY Isaia,22/01/2007,0339330160,Isaia ANDRIANALY,Informatique,M2,29,109:115:117
113,ANDRIANALY Erica,26/03/2007,0321068008,Erica ANDRIANALY,Informatique,L1,41,107:115:119
114,ANDRIAMANANTENA Fitia,18/02/2000,0339442920,Fitia ANDRIAMANANTENA,Anglais,L1,48,119:109:105
115,RAMAVO Tiana,26/08/2006,0344873251,Tiana RAMAVO,Anglais,L1,24,112:111:104
116,NANTENAINA Fitia,26/04/2007,0346465131,Fitia NANTENAINA,Histoire,M1,68,115:112:108
117,RASOLOJAONA Mira,17/12/2000,0349724780,Mira RASOLOJAONA,Physique,M1,89,104:112:116
118,SAMBATRA Lalao,22/05/2001,0325395454,Lalao SAMBATRA,Geographie,L3,76,120:117:101
119,RAKOTO Fitia,05/10/2008,0349576316,Fitia RAKOTO,Anglais,M1,17,110:104:106
120,RABARY Kanto,27/02/2008,0323754850,Kanto RABARY,Sociologie,L2,40,118:114:121
121,RAKOTO Aina,14/10/2005,0331729412,Aina RAKOTO,Sociologie,L1,51,116:102:124
122,RAMAVO Isaia,14/07/2005,0329938752,Isaia RAMAVO,Economie,M2,95,109:123:116
123,ANDRAINA Hery,24/10/2000,0343205722,Hery ANDRAINA,SVT,L2,41,103:104:119
124,RAMAVO Tiana,12/04/2007,0336336467,Tiana RAMAVO,Gestion,M2,64,125:119:106
125,RAZAKANDRAINY Salohy,06/10/2004,0324062785,Salohy RAZAKANDRAINY,Francais,M1,61,112:118:115:126
126,RAMARO Kerina,08/01/2006,0339303510,Kerina RAMARO,Sociologie,L2,40,149:141:137
127,ANDRIANALY Fitia,23/02/2001,0349547546,Fitia ANDRIANALY,Physique,L1,74,145:134:126
128,RAMAVO Aina,27/03/2003,0327530553,Aina RAMAVO,SVT,L3,41,144:139:145
129,RAMAMPITASOA Aina,14/11/2002,0343807527,Aina RAMAMPITASOA,Informatique,M2,24,146:147:132
130,RAKOTO Andry,15/01/2008,0337823131,Andry RAKOTO,Anglais,L3,11,132:149:143
131,RAMAMPITASOA Mira,11/10/2001,0329980066,Mira RAMAMPITASOA,Gestion,L3,51,146:139:141
132,RAMAVO Rota,26/01/2006,0347486328,Rota RAMAVO,Economie,L2,23,147:126:150
133,SAMBATRA Aina,27/08/2008,0322129219,Aina SAMBATRA,Economie,L3,71,136:140:147
134,NOMENJANAHARY Tiana,10/12/2003,0343349134,Tiana NOMENJANAHARY,Anglais,L1,83,149:129:145
135,RAZAFI Andry,11/06/2006,0326830682,Andry RAZAFI,SVT,M2,30,127:144:126
136,NANTENAINA Mira,15/12/2001,0326265361,Mira NANTENAINA,Economie,M1,27,141:143:131
137,RABE Andry,09/09/2004,0331063510,Andry RABE,Physique,L1,23,149:142:136
138,RAKOTO Lalao,18/07/2004,0345008407,Lalao RAKOTO,SVT,L3,61,137:129:127
139,ANDRAINA Isaia,11/09/2005,0323422403,Isaia ANDRAINA,Histoire,M2,5,146:145:149
140,RAMAMPITASOA Andry,16/09/2002,0332505772,Andry RAMAMPITASOA,Gestion,L1,40,135:150:132
141,ANDRIAMANANTENA Sanda,27/12/2008,0346136093,Sanda ANDRIAMANANTENA,Informatique,L2,37,150:149:126
142,RAMAMPITASOA Rota,25/03/2004,0346978380,Rota RAMAMPITASOA,Histoire,L2,69,137:145:133
143,RAMAMPITASOA Andry,12/11/2000,0342867083,Andry RAMAMPITASOA,Gestion,L3,78,137:132:149
144,RAZAKANDRAINY Martine,01/09/2001,0339336811,Martine RAZAKANDRAINY,Anglais,L2,28,127:139:136
145,RANDRIA Kanto,20/06/2000,0337669417,Kanto RANDRIA,Histoire,L3,49,146:132:131
146,RASOA Lalao,06/04/2007,0344275360,Lalao RASOA,Physique,M2,90,134:131:143
147,RAMAVO Fitia,12/06/2008,0338359653,Fitia RAMAVO,Francais,M1,33,141:137:135
148,RAMARO Nombana,26/09/2007,0326734199,Nombana RAMARO,Sociologie,L2,21,139:149:143
149,RAMARO Joseph,05/10/2004,0346494889,Joseph RAMARO,Mathématique,L2,70,144:139:134
150,NANTENAINA Erica,19/05/2005,0346655625,Erica NANTENAINA,Physique,M2,22,127:132:138:151
151,RASOA Joseph,20/05/2007,0323884522,Joseph RASOA,Physique,L2,22,162:166:165
152,RAKOTOARIVALO Fitia,26/12/2005,0347989352,Fitia RAKOTOARIVALO,Mathématique,M1,55,159:157:160
153,RANDRIAMASY Fitia,13/04/2003,0323034875,Fitia RANDRIAMASY,Gestion,L2,91,155:161:165
154,RAMAVO Kerina,18/01/2000,0322255036,Kerina RAMAVO,Geographie,L3,44,151:171:157
155,RAMAVO Kanto,22/02/2008,0335991630,Kanto RAMAVO,Anglais,M2,53,156:162:154
156,RAKOTO Martine,02/01/2001,0343843291,Martine RAKOTO,Gestion,M1,71,168:164:162
157,RAMAMPITASOA Tiana,01/02/2005,0341028735,Tiana RAMAMPITASOA,Gestion,L3,14,173:154:165
158,RASOA Hery,10/02/2003,0329491228,Hery RASOA,Gestion,L3,41,173:162:167
159,RAMAVO Kanto,22/10/2008,0332062083,Kanto RAMAVO,Histoire,L2,36,174:169:168
160,RABE Nasandratra,16/03/2002,0349381485,Nasandratra RABE,Sociologie,M2,85,173:161:151
161,SAMBATRA Sanda,23/09/2005,0346704923,Sanda SAMBATRA,Mathématique,M1,32,174:160:154
162,RABE Kerina,13/05/2000,0322986144,Kerina RABE,Francais,M2,87,174:163:166
163,RAMAMPITASOA Tiana,01/06/2000,0348060227,Tiana RAMAMPITASOA,SVT,M2,24,154:171:155
164,RAZAKANDRAINY Andry,26/02/2002,0332860943,Andry RAZAKANDRAINY,Geographie,M1,13,172:163:173
165,ANDRIAMANANTENA Rota,17/11/2005,0326701189,Rota ANDRIAMANANTENA,Mathématique,M1,36,160:163:154
166,RASOLOJAONA Kerina,27/07/2003,0321504375,Kerina RASOLOJAONA,Histoire,L1,9,153:156:159
167,RAZAFI Erica,12/06/2000,0325828269,Erica RAZAFI,Geographie,L1,20,168:169:163
168,ANDRAINA Fitia,21/05/2003,0341282562,Fitia ANDRAINA,Anglais,L2,89,166:152:174
169,RANDRIAMANDIMBY Tiana,10/02/2008,0335896221,Tiana RANDRIAMANDIMBY,Histoire,L2,91,164:170:165
170,NOMENJANAHARY Tiana,18/05/2002,0337245625,Tiana NOMENJANAHARY,Sociologie,L1,16,175:159:152
171,RABARY Kanto,07/06/2007,0339647202,Kanto RABARY,Histoire,L1,68,153:158:167
172,RAKOTOARIVALO Fitia,19/01/2008,0349551893,Fitia RAKOTOARIVALO,Physique,M2,27,167:155:154
173,RASOLOJAONA Fitia,17/03/2007,0331091469,Fitia RASOLOJAONA,Sociologie,L3,95,165:154:175
174,RANDRIA Kanto,13/11/2005,0321285540,Kanto RANDRIA,Histoire,L2,36,157:168:173
175,RAZAKANDRAINY Aina,18/07/2003,0324844268,Aina RAZAKANDRAINY,Informatique,M1,84,166:153:162:176
176,RAMARO Nasandratra,26/11/2000,0344810286,Nasandratra RAMARO,Sociologie,M1,28,189:182:177
177,RAMAVO Tiana,05/12/2005,0328230632,Tiana RAMAVO,Gestion,L1,74,178:185:186
178,RAZAKANDRAINY Hery,11/07/2005,0323836024,Hery RAZAKANDRAINY,Anglais,L3,86,186:185:200
179,RASOLOJAONA Erica,08/07/2000,0321419851,Erica RASOLOJAONA,Physique,L1,30,185:182:184
180,NANTENAINA Andy,07/07/2004,0332088247,Andy NANTENAINA,Gestion,M2,37,199:198:195
181,NOMENJANAHARY Joseph,02/06/2005,0339002880,Joseph NOMENJANAHARY,Histoire,L1,25,188:182:199
182,RABARY Aina,19/08/2002,0325884259,Aina RABARY,Geographie,L3,74,186:187:183
183,ANDRIANALY Andry,27/07/2000,0345112446,Andry ANDRIANALY,Francais,L1,45,192:190:186
184,RAKOTOARIVALO Aina,01/06/2000,0348131645,Aina RAKOTOARIVALO,Mathématique,M1,12,195:176:198
185,SAMBATRA Kanto,22/07/2005,0336484660,Kanto SAMBATRA,Mathématique,L3,25,177:186:196
186,SAMBATRA Kerina,23/02/2000,0327706046,Kerina SAMBATRA,SVT,M1,22,180:188:189
187,RANDRIA Fanantenana,04/01/2002,0342270043,Fanantenana RANDRIA,Mathématique,L3,63,185:200:179
188,RAZAKANDRAINY Nasandratra,08/11/2008,0339825253,Nasandratra RAZAKANDRAINY,Geographie,L1,59,198:192:190
189,RAZAKANDRAINY Martine,17/08/2001,0338815671,Martine RAZAKANDRAINY,Anglais,M2,93,188:196:195
190,RAMAMPITASOA Kerina,18/07/2006,0341892763,Kerina RAMAMPITASOA,Francais,L1,72,194:188:200
191,NOMENJANAHARY Sanda,18/09/2003,0333039522,Sanda NOMENJANAHARY,SVT,L2,85,190:195:193
192,ANDRIAMANANTENA Kerina,03/06/2007,0343198784,Kerina ANDRIAMANANTENA,Gestion,M2,7,197:198:194
193,NANTENAINA Kanto,07/02/2001,0329578866,Kanto NANTENAINA,Gestion,M2,20,184:200:192
194,RAMARO Aina,01/09/2004,0331440545,Aina RAMARO,Histoire,M2,76,193:184:191
195,RAMARO Fanantenana,10/09/2003,0334796790,Fanantenana RAMARO,Gestion,L1,93,177:192:191
196,SAMBATRA Mira,23/02/2000,0326202828,Mira SAMBATRA,Economie,M2,58,197:189:180
197,NOMENJANAHARY Isaia,24/10/2001,0343559160,Isaia NOMENJANAHARY,Sociologie,M1,27,196:195:177
198,SAMBATRA Rota,16/06/2003,0324684543,Rota SAMBATRA,Economie,M1,41,183:192:181
199,RASOA Salohy,03/05/2003,0339052416,Salohy RASOA,Mathématique,L2,24,184:191:183
200,RANDRIAMASY Fitia,20/01/2000,0322318102,Fitia RANDRIAMASY,Histoire,M1,28,184:187:177:201
201,RASOA Isaia,08/01/2004,0339970923,Isaia RASOA,Physique,M2,38,224:210:212
202,RAZAKANDRAINY Andry,10/04/2002,0323375847,Andry RAZAKANDRAINY,Francais,L2,79,204:221:203
203,RASOA Lalao,08/08/2001,0338509731,Lalao RASOA,Mathématique,L3,13,204:210:219
204,RAZAKANDRAINY Tiana,10/06/2002,0335986949,Tiana RAZAKANDRAINY,Economie,M2,85,206:219:202
205,RANDRIA Tiana,19/01/2000,0345478719,Tiana RANDRIA,Physique,M1,31,219:201:209
206,ANDRAINA Andy,04/01/2006,0324781777,Andy ANDRAINA,Gestion,L2,22,212:209:219
207,RAZAFI Sanda,14/05/2006,0324509598,Sanda RAZAFI,Geographie,L3,76,206:217:223
208,RAKOTO Andy,03/02/2005,0337689360,Andy RAKOTO,Sociologie,L1,6,225:206:216
209,RANDRIA Tiana,25/10/2005,0321495919,Tiana RANDRIA,Mathématique,L2,51,215:208:218
210,ANDRIANALY Lalao,16/04/2005,0326213956,Lalao ANDRIANALY,Informatique,M2,52,225:215:211
211,RANDRIA Lalao,17/06/2005,0348376761,Lalao RANDRIA,Geographie,L3,38,209:202:203
212,SAMBATRA Rota,13/02/2002,0328427873,Rota SAMBATRA,Histoire,M1,48,204:216:217
213,RABARY Fitia,10/02/2005,0337660841,Fitia RABARY,SVT,L2,24,218:207:202
214,RABE Tiana,16/10/2001,0347980952,Tiana RABE,Francais,M2,62,201:208:218
215,RAMARO Andy,19/09/2003,0348305627,Andy RAMARO,Geographie,M1,64,216:208:224
216,RAMAVO Lalao,09/03/2007,0348350715,Lalao RAMAVO,Geographie,M2,35,204:208:205
217,RAZAFI Fitia,22/02/2007,0323884970,Fitia RAZAFI,Geographie,L1,81,202:218:221
218,RAMAVO Nombana,11/08/2003,0343748921,Nombana RAMAVO,Francais,L1,61,222:203:213
219,RAMAMPITASOA Kerina,02/11/2004,0337600058,Kerina RAMAMPITASOA,Histoire,M2,21,202:208:213
220,RAMAVO Fanantenana,17/05/2003,0335114314,Fanantenana RAMAVO,SVT,L3,18,218:203:208
221,RABE Rota,04/05/2008,0342732990,Rota RABE,Histoire,M1,17,215:210:217
222,RANDRIA Nombana,02/11/2001,0322512837,Nombana RANDRIA,Informatique,L3,33,215:220:214
223,NOMENJANAHARY Lalao,05/06/2003,0328800329,Lalao NOMENJANAHARY,Histoire,L3,37,205:220:203
224,RAMAMPITASOA Kerina,01/04/2003,0343591140,Kerina RAMAMPITASOA,Sociologie,M2,68,211:209:201
225,RAMAVO Fitia,01/10/2004,0346527443,Fitia RAMAVO,Mathématique,M2,93,212:220:205:226
226,RABARY Martine,10/04/2004,0345062011,Martine RABARY,Sociologie,L1,90,234:245:237
227,RAMARO Kerina,27/07/2005,0343836475,Kerina RAMARO,Anglais,L1,39,246:226:247
228,SAMBATRA Kanto,11/02/2002,0345105789,Kanto SAMBATRA,Histoire,L3,25,227:244:235
229,RASOA Martine,02/07/2003,0348182558,Martine RASOA,Informatique,L1,33,228:240:243
230,SAMBATRA Joseph,19/04/2005,0327182875,Joseph SAMBATRA,Geographie,M2,70,247:236:232
231,RAMAMPITASOA Martine,16/11/2001,0326220590,Martine RAMAMPITASOA,Francais,L1,28,248:229:245
232,RABARY Aina,28/09/2003,0333485395,Aina RABARY,Sociologie,M1,51,226:246:242
233,RAKOTOARIVALO Nasandratra,07/10/2004,0345081557,Nasandratra RAKOTOARIVALO,Economie,M1,20,249:238:241
234,ANDRAINA Sanda,03/06/2005,0328232354,Sanda ANDRAINA,Sociologie,L3,43,244:243:248
235,NANTENAINA Rota,17/04/2000,0339080724,Rota NANTENAINA,Informatique,M1,75,232:246:241
236,ANDRIAMANANTENA Joseph,23/08/2004,0328403290,Joseph ANDRIAMANANTENA,Geographie,L3,44,247:226:238
237,NANTENAINA Kanto,28/01/2008,0341054646,Kanto NANTENAINA,Informatique,L2,66,248:234:242
238,RANDRIAMANDIMBY Isaia,12/01/2000,0334502028,Isaia RANDRIAMANDIMBY,SVT,M2,64,241:243:249
239,ANDRIAMANANTENA Lalao,23/08/2001,0342369138,Lalao ANDRIAMANANTENA,Histoire,M1,49,244:243:232
240,RAKOTO Fitia,23/10/2002,0339703782,Fitia RAKOTO,SVT,M2,72,226:229:242
241,ANDRIAMANANTENA Fitia,23/07/2001,0327907470,Fitia ANDRIAMANANTENA,Sociologie,L3,71,230:228:233
242,RASOA Nombana,11/12/2000,0324683166,Nombana RASOA,Anglais,L2,33,226:234:231
243,ANDRAINA Aina,10/05/2000,0327208128,Aina ANDRAINA,Economie,M1,61,248:228:240
244,RAZAFI Tiana,28/05/2006,0328538997,Tiana RAZAFI,Physique,M2,44,229:247:230
245,RAMARO Lalao,07/06/2005,0331946540,Lalao RAMARO,Economie,L3,15,242:233:244
246,RAMAVO Aina,18/02/2007,0349120985,Aina RAMAVO,Physique,L2,22,248:229:249
247,RABE Rota,14/09/2002,0335824295,Rota RABE,Geographie,M1,87,246:242:241
248,NANTENAINA Sanda,05/05/2000,0328496307,Sanda NANTENAINA,Mathématique,L3,86,236:229:245
249,RAMAMPITASOA Rota,07/03/2002,0322317285,Rota RAMAMPITASOA,SVT,L2,62,232:233:231
250,ANDRIAMANANTENA Lalao,24/09/2004,0325651630,Lalao ANDRIAMANANTENA,Sociologie,M1,53,248:234:240:251
251,RABE Rota,17/12/2004,0326360105,Rota RABE,Sociologie,L1,86,263:272:275
252,RABE Mira,09/06/2000,0338912064,Mira RABE,Gestion,M1,20,268:267:262
253,RAMAMPITASOA Lalao,19/07/2008,0327357729,Lalao RAMAMPITASOA,Histoire,M1,9,252:262:256
254,RASOLOJAONA Andy,03/02/2003,0347084441,Andy RASOLOJAONA,Physique,L2,11,264:268:275
255,RAMARO Andry,12/05/2005,0323658987,Andry RAMARO,Mathématique,L2,17,273:271:266
256,RANDRIA Martine,25/02/2006,0344119612,Martine RANDRIA,Sociologie,M1,77,254:269:257
257,RANDRIA Nombana,12/08/2000,0342696552,Nombana RANDRIA,Geographie,M1,14,264:251:275
258,ANDRIAMANANTENA Kerina,06/12/2000,0327303244,Kerina ANDRIAMANANTENA,SVT,L1,56,273:251:259
259,RANDRIAMANDIMBY Tiana,25/09/2002,0349154272,Tiana RANDRIAMANDIMBY,Geographie,M1,52,269:258:264
260,RAKOTO Kanto,11/06/2008,0349245260,Kanto RAKOTO,SVT,L3,37,266:271:258
261,RAMARO Hery,05/09/2008,0331590352,Hery RAMARO,Mathématique,L3,6,262:269:253
262,ANDRIANALY Lalao,05/08/2003,0334669948,Lalao ANDRIANALY,Informatique,L1,75,253:261:256
263,RAKOTOARIVALO Kerina,27/06/2001,0346611748,Kerina RAKOTOARIVALO,Mathématique,M1,71,256:251:268
264,RABE Andry,20/07/2004,0324522631,Andry RABE,Anglais,M1,70,262:263:268
265,RABARY Joseph,27/03/2008,0341087010,Joseph RABARY,Economie,M1,54,253:272:273
266,RANDRIAMASY Lalao,28/12/2007,0331679229,Lalao RANDRIAMASY,Geographie,L1,46,265:273:256
267,RANDRIAMASY Salohy,07/11/2007,0344298726,Salohy RANDRIAMASY,Francais,M1,49,272:258:262
268,RABE Nombana,22/07/2005,0328762727,Nombana RABE,Sociologie,L2,91,275:254:255
269,NOMENJANAHARY Rota,07/12/2000,0326440485,Rota NOMENJANAHARY,Gestion,L3,40,264:251:253
270,RAMAMPITASOA Kanto,28/05/2000,0346592964,Kanto RAMAMPITASOA,Anglais,M2,5,258:264:267
271,RABARY Fanantenana,21/07/2004,0329078394,Fanantenana RABARY,Physique,M2,44,257:262:274
272,SAMBATRA Sanda,13/03/2003,0321769044,Sanda SAMBATRA,Physique,L3,24,252:257:255
273,ANDRIANALY Aina,04/03/2008,0321539969,Aina ANDRIANALY,Informatique,M2,86,253:260:265
274,RAKOTO Aina,06/06/2005,0344097816,Aina RAKOTO,Informatique,M1,31,258:268:270
275,RAKOTO Nombana,24/04/2001,0323915035,Nombana RAKOTO,Physique,L3,44,269:270:274:276
276,RAMAMPITASOA Fanantenana,14/05/2006,0327172553,Fanantenana RAMAMPITASOA,Mathématique,M2,15,291:289:288
277,SAMBATRA Salohy,06/04/2003,0327046395,Salohy SAMBATRA,Economie,L1,32,294:300:296
278,RAMARO Kanto,13/11/2002,0338633246,Kanto RAMARO,Sociologie,L3,75,285:296:276
279,NOMENJANAHARY Rota,11/09/2003,0338453118,Rota NOMENJANAHARY,Francais,M1,7,292:300:294
280,RAMAMPITASOA Fanantenana,17/06/2006,0343341199,Fanantenana RAMAMPITASOA,Physique,M2,87,298:278:284
281,NANTENAINA Mira,22/10/2006,0327523640,Mira NANTENAINA,Sociologie,M2,30,299:300:288
282,RASOLOJAONA Fitia,27/06/2008,0348092427,Fitia RASOLOJAONA,Anglais,L2,85,297:288:289
283,RANDRIAMANDIMBY Andry,11/08/2001,0341454268,Andry RANDRIAMANDIMBY,Francais,M2,74,278:277:284
284,NOMENJANAHARY Andy,22/08/2002,0346163831,Andy NOMENJANAHARY,Geographie,L3,59,276:291:287
285,RANDRIA Andry,15/12/2000,0341422180,Andry RANDRIA,Gestion,L1,66,283:297:277
286,RASOA Lalao,21/09/2007,0339336984,Lalao RASOA,Gestion,M2,81,277:282:291
287,RABE Aina,22/03/2007,0332615850,Aina RABE,Histoire,L1,31,281:292:299
288,RAMAMPITASOA Nasandratra,27/03/2002,0343587009,Nasandratra RAMAMPITASOA,Economie,L1,63,300:289:290
289,RASOA Isaia,24/05/2005,0323141620,Isaia RASOA,SVT,L1,5,279:277:288
290,RAZAFI Erica,27/06/2005,0335984963,Erica RAZAFI,SVT,L1,94,283:282:281
291,RAMARO Lalao,20/01/2000,0341565202,Lalao RAMARO,Informatique,L3,11,299:282:295
292,NANTENAINA Andy,09/08/2005,0332458779,Andy NANTENAINA,Informatique,M1,48,291:298:287
293,RAMAMPITASOA Lalao,16/10/2008,0348676427,Lalao RAMAMPITASOA,Mathématique,M1,21,295:300:280
294,SAMBATRA Joseph,13/11/2007,0321675757,Joseph SAMBATRA,Francais,L2,89,290:288:289
295,RAMAVO Sanda,22/03/2006,0328637049,Sanda RAMAVO,Sociologie,L2,26,291:289:288
296,RABE Salohy,21/09/2004,0337050185,Salohy RABE,Anglais,L3,55,292:285:279
297,RABARY Rota,08/07/2008,0332690744,Rota RABARY,Histoire,M1,66,294:300:283
298,NANTENAINA Rota,20/08/2001,0329162198,Rota NANTENAINA,Gestion,L3,73,276:297:287
299,ANDRIAMANANTENA Andry,05/08/2004,0328211529,Andry ANDRIAMANANTENA,Anglais,L3,71,285:293:290
300,RABE Salohy,28/07/2005,0333046736,Salohy RABE,Geographie,L1,35,298:293:286:301
301,RANDRIAMANDIMBY Hery,24/11/2005,0343891271,Hery RANDRIAMANDIMBY,Gestion,L1,37,305:316:311
302,RASOLOJAONA Fitia,17/11/2006,0349809100,Fitia RASOLOJAONA,Economie,L3,44,324:314:308
303,RANDRIAMASY Isaia,03/04/2007,0349953107,Isaia RANDRIAMASY,Economie,M1,14,322:302:318
304,RANDRIAMASY Aina,20/03/2000,0323713962,Aina RANDRIAMASY,Sociologie,M1,35,306:322:321
305,RANDRIA Martine,04/11/2002,0323598684,Martine RANDRIA,Economie,M1,45,323:312:303
306,RAKOTOARIVALO Salohy,15/02/2006,0321931405,Salohy RAKOTOARIVALO,Physique,M1,5,311:317:325
307,NOMENJANAHARY Nasandratra,03/02/2007,0327056442,Nasandratra NOMENJANAHARY,Gestion,L3,5,308:324:306
308,RASOA Sanda,13/11/2003,0336583783,Sanda RASOA,Histoire,L3,88,317:306:307
309,RAMAVO Fitia,09/02/2004,0337269341,Fitia RAMAVO,Sociologie,L1,46,315:302:311
310,SAMBATRA Lalao,20/03/2008,0329796535,Lalao SAMBATRA,Sociologie,M2,57,313:321:308
311,RABE Rota,20/04/2004,0333499918,Rota RABE,Geographie,L3,30,307:305:302
312,ANDRAINA Aina,02/03/2001,0348172766,Aina ANDRAINA,Geographie,L2,93,306:304:309
313,RAKOTO Andy,18/11/2003,0336773622,Andy RAKOTO,SVT,L3,86,320:306:315
314,RAMAMPITASOA Joseph,15/02/2005,0326244808,Joseph RAMAMPITASOA,Physique,M2,18,317:302:320
315,NOMENJANAHARY Isaia,08/09/2004,0331700901,Isaia NOMENJANAHARY,Histoire,L2,60,314:303:302
316,RASOLOJAONA Aina,24/11/2007,0346347913,Aina RASOLOJAONA,Geographie,M2,23,305:313:319
317,RASOA Rota,02/04/2003,0342126715,Rota RASOA,Informatique,M1,76,316:309:302
318,RANDRIAMASY Rota,05/05/2006,0335048593,Rota RANDRIAMASY,Histoire,L2,90,323:303:322
319,RABE Rota,11/11/2000,0343934037,Rota RABE,Gestion,M2,91,314:310:311
320,ANDRIAMANANTENA Erica,20/07/2008,0345307470,Erica ANDRIAMANANTENA,Economie,M1,74,302:319:305
321,ANDRIANALY Hery,04/01/2007,0334926472,Hery ANDRIANALY,Gestion,M2,76,318:310:308
322,RABE Andry,10/02/2000,0327813758,Andry RABE,Geographie,M1,22,304:324:314
323,RAMAMPITASOA Andry,19/05/2005,0338268068,Andry RAMAMPITASOA,Economie,L1,49,325:312:319
324,RANDRIA Mira,11/09/2008,0327940876,Mira RANDRIA,Economie,L1,7,309:317:319
325,RAKOTOARIVALO Kanto,04/11/2006,0334775481,Kanto RAKOTOARIVALO,Gestion,L3,51,308:322:303:326
326,RABARY Andry,16/10/2008,0347927439,Andry RABARY,Anglais,M2,11,344:347:333
327,RAMARO Salohy,23/08/2007,0332754369,Salohy RAMARO,Informatique,M1,67,347:343:330
328,ANDRIANALY Isaia,22/06/2002,0347088216,Isaia ANDRIANALY,Mathématique,M1,84,332:344:343
329,RABARY Aina,10/12/2001,0341562606,Aina RABARY,Economie,L2,21,326:339:327
330,RABARY Nombana,02/04/2002,0335266621,Nombana RABARY,Gestion,M2,25,338:342:343
331,ANDRAINA Isaia,06/01/2001,0329128198,Isaia ANDRAINA,Histoire,L3,61,326:342:341
332,RANDRIAMASY Fitia,17/04/2003,0331349193,Fitia RANDRIAMASY,Mathématique,L1,15,345:326:349
333,RANDRIAMANDIMBY Andy,14/02/2007,0335384949,Andy RANDRIAMANDIMBY,Physique,M2,33,334:349:335
334,ANDRIAMANANTENA Kanto,17/12/2000,0341263492,Kanto ANDRIAMANANTENA,Gestion,L3,39,338:344:326
335,RABE Erica,12/09/2001,0325455095,Erica RABE,Geographie,L1,59,344:346:337
336,ANDRIANALY Martine,24/01/2005,0322175382,Martine ANDRIANALY,Physique,L2,93,344:345:329
337,ANDRIANALY Fanantenana,02/02/2007,0325766688,Fanantenana ANDRIANALY,Sociologie,L2,54,339:344:331
338,RABE Mira,21/05/2004,0347814492,Mira RABE,Histoire,M1,50,343:345:342
339,RABE Fitia,11/09/2002,0323984202,Fitia RABE,Physique,L2,78,335:326:349
340,ANDRIANALY Tiana,20/05/2005,0323208234,Tiana ANDRIANALY,SVT,L2,93,328:330:345
341,ANDRIANALY Rota,06/12/2006,0323165050,Rota ANDRIANALY,Sociologie,L1,38,338:326:333
342,NOMENJANAHARY Nombana,22/09/2007,0348823185,Nombana NOMENJANAHARY,Informatique,M2,33,338:334:336
343,RAMAVO Kerina,09/12/2003,0342785926,Kerina RAMAVO,Physique,L3,33,344:328:326
344,RAZAKANDRAINY Nombana,13/04/2000,0345079840,Nombana RAZAKANDRAINY,Informatique,M1,25,326:329:336
345,NANTENAINA Mira,11/02/2003,0343683717,Mira NANTENAINA,Anglais,M2,34,337:334:331
346,RAMAMPITASOA Fanantenana,28/12/2001,0327213323,Fanantenana RAMAMPITASOA,Gestion,L3,14,334:329:331
347,RANDRIAMASY Sanda,01/09/2002,0326071782,Sanda RANDRIAMASY,Mathématique,L2,60,337:335:345
348,RAMAVO Nasandratra,22/06/2004,0342595106,Nasandratra RAMAVO,Anglais,L2,55,340:328:329
349,RASOA Kanto,27/03/2002,0325024846,Kanto RASOA,SVT,L1,17,346:327:343
350,RAZAFI Rota,07/12/2008,0325775533,Rota RAZAFI,Economie,M1,35,336:326:332:351
351,RANDRIAMASY Martine,23/11/2004,0326622886,Martine RANDRIAMASY,Gestion,M1,38,367:374:372
352,RAMAVO Salohy,17/05/2005,0339391191,Salohy RAMAVO,Mathématique,L1,32,362:375:364
353,RAKOTO Erica,08/07/2005,0331994300,Erica RAKOTO,Sociologie,L1,92,368:359:374
354,NANTENAINA Hery,14/08/2006,0331528741,Hery NANTENAINA,Sociologie,L1,63,370:375:369
355,NOMENJANAHARY Kerina,03/02/2005,0329580097,Kerina NOMENJANAHARY,Economie,L1,15,372:369:374
356,RAMAVO Rota,16/03/2001,0345849472,Rota RAMAVO,Gestion,L2,60,371:368:370
357,NANTENAINA Fanantenana,03/12/2005,0343771934,Fanantenana NANTENAINA,Informatique,M2,85,367:356:372
358,RAMAVO Sanda,28/08/2004,0336259717,Sanda RAMAVO,Informatique,M1,15,374:352:361
359,RAZAFI Kerina,21/01/2006,0335023084,Kerina RAZAFI,Physique,L3,31,357:366:353
360,SAMBATRA Andy,24/12/2000,0336423485,Andy SAMBATRA,Physique,L3,46,368:374:371
361,RAZAFI Hery,22/08/2004,0337059409,Hery RAZAFI,Gestion,L2,87,351:369:356
362,RAMAMPITASOA Kerina,04/11/2001,0325629694,Kerina RAMAMPITASOA,Anglais,L3,20,370:365:357
363,ANDRAINA Aina,21/09/2005,0324876996,Aina ANDRAINA,Mathématique,L1,82,364:367:360
364,RAMAVO Sanda,03/06/2000,0341925749,Sanda RAMAVO,Anglais,M1,73,355:358:375
365,RANDRIAMASY Joseph,21/05/2008,0336949746,Joseph RANDRIAMASY,Geographie,L3,86,353:357:373
366,RAZAFI Tiana,28/08/2006,0326311527,Tiana RAZAFI,Mathématique,M1,74,355:368:371
367,RAZAFI Kanto,13/10/2000,0345066790,Kanto RAZAFI,Informatique,L3,13,366:371:369
368,RANDRIAMANDIMBY Kanto,05/09/2004,0335432147,Kanto RANDRIAMANDIMBY,Histoire,L1,47,362:353:359
369,RASOLOJAONA Andy,23/05/2006,0327128861,Andy RASOLOJAONA,Sociologie,M2,21,356:360:372
370,ANDRAINA Erica,19/01/2002,0344671311,Erica ANDRAINA,Physique,M1,24,367:369:371
371,RASOLOJAONA Sanda,13/05/2008,0323565181,Sanda RASOLOJAONA,Anglais,M2,89,365:369:354
372,RAKOTO Erica,04/03/2001,0325662019,Erica RAKOTO,Gestion,M2,51,356:375:367
373,ANDRIANALY Aina,18/11/2000,0338899374,Aina ANDRIANALY,Geographie,M1,67,358:372:352
374,RANDRIA Joseph,04/09/2001,0341201065,Joseph RANDRIA,Economie,L1,74,359:375:364
375,RABARY Rota,23/04/2002,0324513498,Rota RABARY,Gestion,L3,72,361:364:367:376
376,RAMARO Mira,13/11/2000,0342350881,Mira RAMARO,Anglais,M2,83,387:384:386
377,RASOLOJAONA Lalao,04/08/2000,0332946103,Lalao RASOLOJAONA,Mathématique,L1,85,386:384:382
378,RANDRIAMANDIMBY Lalao,09/11/2003,0332381519,Lalao RANDRIAMANDIMBY,SVT,L3,50,390:377:381
379,ANDRIAMANANTENA Fitia,01/05/2003,0321726243,Fitia ANDRIAMANANTENA,Francais,L2,31,384:398:383
380,RAMAMPITASOA Andy,04/04/2005,0347890606,Andy RAMAMPITASOA,Mathématique,M1,64,389:382:383
381,RASOLOJAONA Rota,25/12/2005,0335304399,Rota RASOLOJAONA,Sociologie,M2,77,400:378:392
382,NANTENAINA Sanda,06/11/2004,0329038181,Sanda NANTENAINA,Geographie,L3,49,391:390:396
383,ANDRIAMANANTENA Rota,05/04/2005,0329535524,Rota ANDRIAMANANTENA,Histoire,L3,32,396:391:376
384,ANDRIAMANANTENA Lalao,03/03/2000,0346139962,Lalao ANDRIAMANANTENA,Francais,L1,11,395:398:380
385,RAMARO Andry,14/04/2002,0332319867,Andry RAMARO,Histoire,L1,14,387:395:384
386,RAMAMPITASOA Lalao,17/06/2000,0339148656,Lalao RAMAMPITASOA,Sociologie,M1,30,392:378:399
387,NOMENJANAHARY Kanto,13/08/2005,0333678360,Kanto NOMENJANAHARY,Gestion,L3,74,394:397:392
388,RASOA Aina,18/03/2004,0333327467,Aina RASOA,Francais,M2,35,384:399:380
389,RABE Isaia,17/03/2002,0335361542,Isaia RABE,Sociologie,M1,61,385:386:391
390,ANDRIANALY Kerina,06/10/2001,0339251199,Kerina ANDRIANALY,Economie,L3,28,378:379:398
391,RASOA Erica,08/03/2001,0322891924,Erica RASOA,Mathématique,M1,73,394:381:396
392,RAMAVO Tiana,13/03/2007,0325955988,Tiana RAMAVO,SVT,L1,62,378:388:396
393,RASOA Nasandratra,20/07/2008,0349040238,Nasandratra RASOA,Economie,L1,8,398:386:396
394,NANTENAINA Fitia,13/05/2005,0345822277,Fitia NANTENAINA,Mathématique,L2,78,382:379:384
395,RAZAFI Nombana,12/09/2002,0339667446,Nombana RAZAFI,Gestion,L1,69,388:393:392
396,ANDRIANALY Fanantenana,04/02/2003,0333436795,Fanantenana ANDRIANALY,Informatique,L3,32,391:387:385
397,RABE Isaia,22/09/2004,0339408968,Isaia RABE,Francais,L3,51,387:382:380
398,ANDRIAMANANTENA Tiana,16/01/2006,0348913873,Tiana ANDRIAMANANTENA,Anglais,M2,73,388:400:379
399,RANDRIA Andy,05/10/2000,0339062722,Andy RANDRIA,Anglais,L3,63,395:389:388
400,RANDRIA Kerina,18/08/2005,0333167846,Kerina RANDRIA,Francais,L1,50,378:396:393:401
401,RANDRIA Fanantenana,28/05/2000,0326222573,Fanantenana RANDRIA,Physique,L2,12,420:405:425
402,ANDRIAMANANTENA Martine,06/12/2000,0325114011,Martine ANDRIAMANANTENA,Histoire,L3,19,404:408:410
403,RABARY Isaia,22/06/2007,0325636124,Isaia RABARY,Economie,M2,80,417:412:416
404,ANDRIAMANANTENA Isaia,17/03/2008,0324250705,Isaia ANDRIAMANANTENA,Francais,L3,71,408:423:419
405,NANTENAINA Aina,08/05/2004,0341707719,Aina NANTENAINA,Anglais,L2,88,407:404:419
406,RANDRIA Nasandratra,10/07/2005,0327657247,Nasandratra RANDRIA,Gestion,L2,30,412:417:410
407,RANDRIAMASY Tiana,26/05/2007,0332333022,Tiana RANDRIAMASY,Anglais,L1,13,418:410:419
408,RASOLOJAONA Kanto,17/08/2004,0325744947,Kanto RASOLOJAONA,Informatique,L3,42,418:402:422
409,RASOA Joseph,25/07/2001,0325924900,Joseph RASOA,Gestion,L1,55,419:403:413
410,RAMAMPITASOA Nasandratra,10/11/2000,0328966599,Nasandratra RAMAMPITASOA,Informatique,M1,90,416:421:414
411,RABARY Rota,18/06/2004,0325555661,Rota RABARY,Geographie,L1,10,402:407:417
412,ANDRIAMANANTENA Hery,03/10/2004,0325295966,Hery ANDRIAMANANTENA,Geographie,L2,14,415:417:404
413,RAKOTOARIVALO Aina,23/07/2004,0335301292,Aina RAKOTOARIVALO,Sociologie,M2,60,402:421:425
414,ANDRIANALY Lalao,23/01/2004,0334755128,Lalao ANDRIANALY,Informatique,L2,87,425:420:406
415,RANDRIAMASY Tiana,19/08/2002,0332592357,Tiana RANDRIAMASY,Physique,L1,75,406:418:409
416,RAMAVO Tiana,03/10/2008,0346100552,Tiana RAMAVO,Histoire,L3,14,410:419:414
417,RAMAMPITASOA Isaia,13/03/2007,0321918709,Isaia RAMAMPITASOA,Sociologie,L2,10,409:416:412
418,RASOA Salohy,05/03/2002,0325850272,Salohy RASOA,SVT,L2,12,407:410:409
419,NOMENJANAHARY Kanto,08/05/2003,0339812635,Kanto NOMENJANAHARY,Anglais,M1,95,406:404:413
420,RAMARO Salohy,17/06/2007,0331340698,Salohy RAMARO,Informatique,L3,61,405:416:407
421,NOMENJANAHARY Joseph,28/09/2002,0327276333,Joseph NOMENJANAHARY,Geographie,L3,85,423:414:407
422,ANDRIAMANANTENA Tiana,20/09/2000,0341294753,Tiana ANDRIAMANANTENA,Geographie,L3,35,424:409:415
423,RAZAFI Rota,11/09/2002,0339809363,Rota RAZAFI,SVT,L1,7,410:403:412
424,RANDRIAMANDIMBY Sanda,09/05/2000,0322706440,Sanda RANDRIAMANDIMBY,Mathématique,M1,34,402:407:423
425,RABARY Lalao,26/12/2000,0342004163,Lalao RABARY,Geographie,L2,63,408:413:417:426
426,NOMENJANAHARY Kanto,13/11/2005,0346403155,Kanto NOMENJANAHARY,Physique,M2,36,430:445:440
427,RANDRIAMANDIMBY Nasandratra,07/09/2005,0335222987,Nasandratra RANDRIAMANDIMBY,Geographie,L3,9,439:443:436
428,RAKOTOARIVALO Fanantenana,21/12/2001,0322956100,Fanantenana RAKOTOARIVALO,Economie,L3,10,448:432:436
429,RAMARO Martine,10/03/2007,0349863801,Martine RAMARO,Economie,M2,33,427:440:435
430,RABE Martine,15/04/2006,0343067686,Martine RABE,Histoire,L1,10,440:449:442
431,ANDRIAMANANTENA Salohy,02/05/2001,0342542792,Salohy ANDRIAMANANTENA,Mathématique,M1,52,449:448:429
432,RANDRIAMASY Andry,08/10/2002,0332707848,Andry RANDRIAMASY,SVT,M2,44,442:440:436
433,RANDRIA Sanda,03/07/2007,0325300753,Sanda RANDRIA,Sociologie,L1,62,429:448:436
434,ANDRAINA Salohy,13/10/2008,0328642006,Salohy ANDRAINA,SVT,M1,60,427:429:433
435,ANDRAINA Fitia,28/03/2008,0332355775,Fitia ANDRAINA,Histoire,L1,13,445:429:433
436,RASOLOJAONA Hery,05/11/2008,0345330668,Hery RASOLOJAONA,Mathématique,M1,19,449:434:431
437,RABE Fanantenana,07/05/2008,0334837994,Fanantenana RABE,Anglais,L2,36,431:442:429
438,ANDRIANALY Hery,26/11/2006,0323902171,Hery ANDRIANALY,Francais,L3,56,434:441:427
439,NOMENJANAHARY Nombana,20/08/2002,0327757574,Nombana NOMENJANAHARY,Gestion,L1,70,435:447:448
440,ANDRIANALY Salohy,26/12/2007,0344436814,Salohy ANDRIANALY,Sociologie,L1,35,427:430:426
441,RAMAMPITASOA Andry,19/11/2004,0332162994,Andry RAMAMPITASOA,Sociologie,M1,31,438:435:433
442,RAZAKANDRAINY Fitia,07/05/2004,0348606815,Fitia RAZAKANDRAINY,Economie,M2,25,435:430:446
443,ANDRIAMANANTENA Tiana,08/04/2001,0338624243,Tiana ANDRIAMANANTENA,Anglais,L3,58,435:442:447
444,RAMAVO Isaia,27/04/2008,0326237294,Isaia RAMAVO,Mathématique,L1,75,428:437:435
445,RANDRIA Erica,10/01/2001,0348463774,Erica RANDRIA,Mathématique,L1,23,443:447:441
446,RANDRIAMASY Sanda,01/06/2008,0334327759,Sanda RANDRIAMASY,Gestion,M2,82,430:448:444
447,RANDRIAMANDIMBY Andy,13/09/2007,0322972037,Andy RANDRIAMANDIMBY,Economie,L2,76,431:441:428
448,RAZAFI Andy,10/06/2006,0331409850,Andy RAZAFI,Physique,L2,33,428:429:449
449,RAKOTOARIVALO Lalao,08/09/2007,0324612185,Lalao RAKOTOARIVALO,Physique,L1,56,432:450:431
450,RAKOTO Aina,11/10/2004,0341479836,Aina RAKOTO,Geographie,M1,83,432:437:443:451
451,RAZAFI Nombana,22/08/2000,0331710655,Nombana RAZAFI,Sociologie,L1,92,466:472:456
452,RASOA Hery,09/11/2006,0349454706,Hery RASOA,Geographie,M1,77,467:470:461
453,RABE Rota,05/11/2004,0328313882,Rota RABE,Geographie,M1,7,454:472:468
454,SAMBATRA Andy,26/03/2005,0337890404,Andy SAMBATRA,SVT,M1,58,474:467:456
455,RANDRIA Fanantenana,28/01/2001,0334334784,Fanantenana RANDRIA,Histoire,M2,61,470:459:472
456,RANDRIAMASY Isaia,28/01/2007,0332292164,Isaia RANDRIAMASY,Geographie,L2,80,458:472:463
457,RAMAMPITASOA Nombana,23/05/2007,0346060683,Nombana RAMAMPITASOA,Mathématique,L3,93,468:455:473
458,RAKOTOARIVALO Hery,28/09/2006,0343317917,Hery RAKOTOARIVALO,Mathématique,M1,10,467:464:459
459,RAMAVO Kerina,23/08/2004,0343431930,Kerina RAMAVO,SVT,L2,7,469:458:451
460,RANDRIA Hery,26/08/2000,0341370328,Hery RANDRIA,SVT,L2,49,475:468:469
461,RAKOTO Erica,24/09/2006,0344586371,Erica RAKOTO,Francais,M2,46,469:466:455
462,RANDRIAMANDIMBY Isaia,08/06/2001,0327443036,Isaia RANDRIAMANDIMBY,Histoire,L2,92,457:475:467
463,ANDRAINA Kerina,27/07/2008,0327462756,Kerina ANDRAINA,Mathématique,M1,53,460:461:471
464,SAMBATRA Rota,22/09/2007,0341489272,Rota SAMBATRA,Gestion,M1,71,455:470:459
465,RANDRIAMASY Andy,18/04/2006,0349812141,Andy RANDRIAMASY,Economie,L3,45,459:452:470
466,RAKOTOARIVALO Andy,06/07/2001,0333344338,Andy RAKOTOARIVALO,SVT,L2,64,455:473:470
467,SAMBATRA Erica,26/11/2005,0333471589,Erica SAMBATRA,Economie,M1,46,458:474:452
468,RANDRIA Rota,10/03/2006,0324837983,Rota RANDRIA,Francais,M2,72,472:461:455
469,RABE Hery,25/09/2004,0336935063,Hery RABE,Histoire,L2,64,455:474:475
470,ANDRIAMANANTENA Rota,13/07/2004,0326985714,Rota ANDRIAMANANTENA,Gestion,L1,11,466:471:457
471,RABE Nasandratra,10/01/2003,0325125670,Nasandratra RABE,Sociologie,L1,55,462:469:458
472,RANDRIA Salohy,26/04/2003,0344733417,Salohy RANDRIA,Sociologie,L3,50,454:459:465
473,RABARY Fitia,16/01/2003,0335599306,Fitia RABARY,Francais,L3,55,469:474:468
474,RAMAVO Nasandratra,03/10/2008,0328552369,Nasandratra RAMAVO,Geographie,L3,16,459:464:465
475,ANDRIAMANANTENA Hery,10/02/2004,0349389764,Hery ANDRIAMANANTENA,Physique,M2,93,474:469:467:476
476,RANDRIA Mira,23/12/2006,0341372575,Mira RANDRIA,Geographie,M2,12,497:499:478
477,RANDRIAMANDIMBY Tiana,11/11/2007,0336267374,Tiana RANDRIAMANDIMBY,Francais,L2,86,482:480:478
478,RAKOTOARIVALO Lalao,12/03/2004,0349491846,Lalao RAKOTOARIVALO,Histoire,L3,7,494:481:498
479,SAMBATRA Aina,14/05/2002,0328921632,Aina SAMBATRA,Informatique,L2,30,493:482:490
480,RANDRIAMANDIMBY Nasandratra,06/09/2007,0322668967,Nasandratra RANDRIAMANDIMBY,Francais,L1,32,481:495:492
481,NOMENJANAHARY Fanantenana,17/02/2003,0331638178,Fanantenana NOMENJANAHARY,Gestion,M2,7,476:492:500
482,RANDRIAMASY Erica,22/04/2002,0335991714,Erica RANDRIAMASY,Economie,L3,61,481:488:489
483,RANDRIAMANDIMBY Kanto,17/11/2004,0341521194,Kanto RANDRIAMANDIMBY,Sociologie,L1,22,476:484:491
484,RASOLOJAONA Joseph,12/03/2005,0347888751,Joseph RASOLOJAONA,SVT,L2,20,498:495:479
485,RABE Andy,08/03/2004,0338550464,Andy RABE,SVT,M1,21,493:497:484
486,RABE Erica,27/08/2004,0336982671,Erica RABE,Geographie,L2,15,488:479:485
487,ANDRAINA Fanantenana,23/07/2005,0347062580,Fanantenana ANDRAINA,Physique,L3,10,482:500:491
488,ANDRIAMANANTENA Martine,20/08/2007,0324107710,Martine ANDRIAMANANTENA,Informatique,M1,37,484:497:500
489,RAZAFI Fanantenana,01/01/2005,0344834682,Fanantenana RAZAFI,Geographie,M1,28,477:496:479
490,RABARY Lalao,17/02/2002,0344612752,Lalao RABARY,Gestion,L2,11,484:493:482
491,RAMAVO Salohy,13/11/2005,0339200574,Salohy RAMAVO,Mathématique,M1,43,495:479:481
492,RAKOTO Fitia,16/02/2007,0326490421,Fitia RAKOTO,Francais,L3,65,490:479:500
493,RAKOTOARIVALO Nombana,25/03/2001,0338242020,Nombana RAKOTOARIVALO,Informatique,M1,85,478:476:489
494,ANDRAINA Erica,26/02/2001,0335988307,Erica ANDRAINA,Gestion,M1,14,488:482:495
495,ANDRIAMANANTENA Martine,09/03/2005,0332612834,Martine ANDRIAMANANTENA,Anglais,L1,34,487:496:499
496,RAKOTOARIVALO Kerina,16/02/2008,0329507243,Kerina RAKOTOARIVALO,Gestion,L2,40,477:482:480
497,ANDRAINA Joseph,05/07/2006,0345608434,Joseph ANDRAINA,Sociologie,L3,12,500:493:483
498,NANTENAINA Martine,02/02/2003,0345130055,Martine NANTENAINA,SVT,L3,10,493:492:500
499,RAZAFI Tiana,04/08/2000,0338887579,Tiana RAZAFI,Economie,L2,50,486:488:484
500,ANDRAINA Kanto,03/05/2006,0345633036,Kanto ANDRAINA,Geographie,L3,51,486:485:498
